condition,pattern,n,exact,mean_score,full,normalized_score
guided,clean_control,3,1.0,2.0,1.0,1.0
guided,data_quality,3,1.0,2.0,1.0,1.0
guided,heteroscedasticity,3,1.0,2.0,1.0,1.0
guided,informative_missingness,3,1.0,2.0,1.0,1.0
guided,interaction_effect,3,1.0,2.0,1.0,1.0
guided,nonlinear_relationship,3,1.0,2.0,1.0,1.0
guided,rare_subgroup,3,1.0,2.0,1.0,1.0
guided,simpsons_paradox,3,1.0,2.0,1.0,1.0
guided,target_leakage,3,1.0,2.0,1.0,1.0
guided,temporal_drift,3,1.0,2.0,1.0,1.0
open,clean_control,3,1.0,2.0,1.0,1.0
open,data_quality,3,1.0,2.0,1.0,1.0
open,heteroscedasticity,3,0.0,0.0,0.0,0.0
open,informative_missingness,3,1.0,1.0,0.0,0.5
open,interaction_effect,3,1.0,1.0,0.0,0.5
open,nonlinear_relationship,3,1.0,1.0,0.0,0.5
open,rare_subgroup,3,1.0,2.0,1.0,1.0
open,simpsons_paradox,3,1.0,1.0,0.0,0.5
open,target_leakage,3,1.0,2.0,1.0,1.0
open,temporal_drift,3,1.0,2.0,1.0,1.0
