case_id,condition,predicted_primary,evidence_status,model_statement,replicate,pattern,n_rows,score_0_2,exact_label,full_detection,partial_detection,missed
CASE_001,guided,rare_subgroup,verified_from_fixed_checklist,Rare-segment standardized effect=-3.70; segment eta^2=0.371.,2,rare_subgroup,2314,2,True,True,False,False
CASE_002,open,simpsons_paradox,hypothesis,"Large negative pooled exposure-outcome correlation plus large segment-level outcome shifts; likely segment confounding/reversal, but within-segment slopes were not yet tested.",2,simpsons_paradox,1923,1,True,False,True,False
CASE_003,open,interaction_effect,hypothesis,All marginal correlations are weak while outcome variance is materially larger than clean-looking cases; hidden multivariate interaction is plausible but unverified.,2,interaction_effect,2343,1,True,False,True,False
CASE_004,open,clean_control,no_anomaly_verified,"Basic summaries show one dominant exposure relationship and no missingness, subgroup, status, or temporal anomaly; changing residual variance is not visible in this profile.",1,heteroscedasticity,2452,0,False,False,False,True
CASE_005,guided,rare_subgroup,verified_from_fixed_checklist,Rare-segment standardized effect=-3.70; segment eta^2=0.413.,1,rare_subgroup,2545,2,True,True,False,False
CASE_006,open,clean_control,no_anomaly_verified,"Basic summaries show a strong exposure relationship but no obvious data-quality, subgroup, status, or temporal issue; residual-variance structure was not tested.",2,heteroscedasticity,2488,0,False,False,False,True
CASE_007,guided,clean_control,verified_from_fixed_checklist,No diagnostic exceeded a substantive threshold; no major hidden structure was verified.,2,clean_control,2052,2,True,True,False,False
CASE_008,open,rare_subgroup,verified_from_profile,Segment D is only a few percent of rows but has an outcome mean roughly 47 points above the other segments.,2,rare_subgroup,2472,2,True,True,False,False
CASE_009,open,simpsons_paradox,hypothesis,Strong negative pooled exposure-outcome correlation coexists with large segment outcome differences; a reversal after conditioning on segment is plausible but not yet verified.,1,simpsons_paradox,2060,1,True,False,True,False
CASE_010,guided,interaction_effect,verified_from_fixed_checklist,Adding the strongest pairwise interaction increased R^2 by 0.809 while marginal effects remained weak.,3,interaction_effect,1992,2,True,True,False,False
CASE_011,guided,target_leakage,verified_from_fixed_checklist,"workflow_status explains eta^2=0.713 of outcome variance, far above other categorical effects.",2,target_leakage,2277,2,True,True,False,False
CASE_012,guided,data_quality,verified_from_fixed_checklist,"Invalid ages=10, invalid exposure values=12, duplicates=46, alias-status rows=53.",2,data_quality,2619,2,True,True,False,False
CASE_013,open,target_leakage,verified_from_profile,"Workflow status separates outcome means by roughly 19 points; given the operational-status semantics, this is a serious leakage candidate.",1,target_leakage,1914,2,True,True,False,False
CASE_014,open,rare_subgroup,verified_from_profile,A very small segment has an outcome mean roughly 38 points above the remaining segments.,3,rare_subgroup,2219,2,True,True,False,False
CASE_015,guided,simpsons_paradox,verified_from_fixed_checklist,"Pooled exposure correlation=-0.64, median within-segment correlation=0.65; signs reverse.",2,simpsons_paradox,1988,2,True,True,False,False
CASE_016,open,clean_control,verified_from_profile,"Distributions, missingness, subgroup means, workflow status, and quarter means look stable; relationships are ordinary and additive-looking.",3,clean_control,2582,2,True,True,False,False
CASE_017,guided,clean_control,verified_from_fixed_checklist,No diagnostic exceeded a substantive threshold; no major hidden structure was verified.,3,clean_control,2500,2,True,True,False,False
CASE_018,open,data_quality,verified_from_profile,The table contains duplicates plus impossible exposure and account-age values.,2,data_quality,2246,2,True,True,False,False
CASE_019,guided,heteroscedasticity,verified_from_fixed_checklist,Absolute residuals correlate 0.28 with exposure; Breusch-Pagan p-value is effectively 8.33e-41.,3,heteroscedasticity,2499,2,True,True,False,False
CASE_020,open,interaction_effect,hypothesis,Marginal feature correlations are weak despite elevated outcome variance; an interaction or other multivariate structure is plausible but not established by the basic profile.,3,interaction_effect,1989,1,True,False,True,False
CASE_021,guided,temporal_drift,verified_from_fixed_checklist,Second-half vs first-half target shift=1.64 standard deviations.,3,temporal_drift,2592,2,True,True,False,False
CASE_022,open,informative_missingness,hypothesis,"About one quarter of account_age_months is missing. The missingness itself is a major EDA issue, but the basic profile does not establish that it is outcome-informative.",3,informative_missingness,1967,1,True,False,True,False
CASE_023,guided,nonlinear_relationship,verified_from_fixed_checklist,Best quadratic term increases R^2 by 0.880 beyond the linear term.,1,nonlinear_relationship,2581,2,True,True,False,False
CASE_024,open,clean_control,verified_from_profile,"No material missingness, duplicates, subgroup/status separation, temporal shift, or unusual marginal relationship is evident.",2,clean_control,2538,2,True,True,False,False
CASE_025,open,nonlinear_relationship,hypothesis,"Linear correlations are near zero while the target is wide and strongly right-tailed, suggesting a nonlinear feature relationship that requires a curve/polynomial check.",1,nonlinear_relationship,2336,1,True,False,True,False
CASE_026,guided,heteroscedasticity,verified_from_fixed_checklist,Absolute residuals correlate 0.28 with exposure; Breusch-Pagan p-value is effectively 1.21e-31.,1,heteroscedasticity,2083,2,True,True,False,False
CASE_027,open,clean_control,verified_from_profile,"No material anomaly is visible in quality, subgroup, workflow, temporal, or marginal feature summaries.",1,clean_control,2395,2,True,True,False,False
CASE_028,open,temporal_drift,verified_from_profile,"Quarterly outcome means differ by more than 26 points, indicating a large time-dependent regime shift.",3,temporal_drift,1925,2,True,True,False,False
CASE_029,open,data_quality,verified_from_profile,Impossible ranges and duplicate records are directly visible in the basic profile.,3,data_quality,1838,2,True,True,False,False
CASE_030,open,informative_missingness,hypothesis,Roughly 26% of account age is missing; whether missingness is informative about outcome still needs a missing-vs-observed comparison.,1,informative_missingness,2300,1,True,False,True,False
CASE_031,open,simpsons_paradox,hypothesis,A strong negative pooled exposure relationship plus major segment mean differences suggests aggregation bias and a possible sign reversal.,3,simpsons_paradox,2182,1,True,False,True,False
CASE_032,guided,heteroscedasticity,verified_from_fixed_checklist,Absolute residuals correlate 0.28 with exposure; Breusch-Pagan p-value is effectively 3.75e-46.,2,heteroscedasticity,2597,2,True,True,False,False
CASE_033,open,interaction_effect,hypothesis,Very weak marginal associations coexist with a much wider outcome distribution; interaction structure is a plausible explanation but not verified.,1,interaction_effect,2059,1,True,False,True,False
CASE_034,guided,nonlinear_relationship,verified_from_fixed_checklist,Best quadratic term increases R^2 by 0.874 beyond the linear term.,2,nonlinear_relationship,1953,2,True,True,False,False
CASE_035,guided,informative_missingness,verified_from_fixed_checklist,Missing age=24.6% and missing-vs-observed target difference=1.13 standard deviations.,1,informative_missingness,1858,2,True,True,False,False
CASE_036,guided,simpsons_paradox,verified_from_fixed_checklist,"Pooled exposure correlation=-0.72, median within-segment correlation=0.59; signs reverse.",3,simpsons_paradox,1859,2,True,True,False,False
CASE_037,guided,nonlinear_relationship,verified_from_fixed_checklist,Best quadratic term increases R^2 by 0.864 beyond the linear term.,3,nonlinear_relationship,2228,2,True,True,False,False
CASE_038,open,nonlinear_relationship,hypothesis,Near-zero marginal correlations with a strongly right-tailed target suggest an important nonlinear relation.,3,nonlinear_relationship,2276,1,True,False,True,False
CASE_039,open,temporal_drift,verified_from_profile,Quarter-level outcome means shift by roughly 30 points across the year.,2,temporal_drift,1825,2,True,True,False,False
CASE_040,open,clean_control,no_anomaly_verified,"The basic profile shows a dominant exposure relationship and no obvious categorical, temporal, missingness, or data-quality issue; residual variance was not inspected.",3,heteroscedasticity,1862,0,False,False,False,True
CASE_041,guided,informative_missingness,verified_from_fixed_checklist,Missing age=24.8% and missing-vs-observed target difference=1.16 standard deviations.,2,informative_missingness,2133,2,True,True,False,False
CASE_042,guided,temporal_drift,verified_from_fixed_checklist,Second-half vs first-half target shift=1.63 standard deviations.,2,temporal_drift,2587,2,True,True,False,False
CASE_043,open,rare_subgroup,verified_from_profile,Rare segment D has an outcome mean over 40 points below the other segments.,1,rare_subgroup,2479,2,True,True,False,False
CASE_044,open,informative_missingness,hypothesis,Nearly 25% of account age is missing; the basic profile flags missingness but cannot determine whether it is outcome-dependent.,2,informative_missingness,2359,1,True,False,True,False
CASE_045,guided,temporal_drift,verified_from_fixed_checklist,Second-half vs first-half target shift=1.70 standard deviations.,1,temporal_drift,2018,2,True,True,False,False
CASE_046,open,target_leakage,verified_from_profile,"Workflow-status groups differ by nearly 19 outcome points, making the operational status a strong leakage candidate.",3,target_leakage,2427,2,True,True,False,False
CASE_047,guided,target_leakage,verified_from_fixed_checklist,"workflow_status explains eta^2=0.716 of outcome variance, far above other categorical effects.",1,target_leakage,1862,2,True,True,False,False
CASE_048,guided,simpsons_paradox,verified_from_fixed_checklist,"Pooled exposure correlation=-0.57, median within-segment correlation=0.68; signs reverse.",1,simpsons_paradox,1841,2,True,True,False,False
CASE_049,guided,data_quality,verified_from_fixed_checklist,"Invalid ages=10, invalid exposure values=8, duplicates=46, alias-status rows=52.",3,data_quality,2619,2,True,True,False,False
CASE_050,guided,interaction_effect,verified_from_fixed_checklist,Adding the strongest pairwise interaction increased R^2 by 0.808 while marginal effects remained weak.,1,interaction_effect,2529,2,True,True,False,False
CASE_051,guided,interaction_effect,verified_from_fixed_checklist,Adding the strongest pairwise interaction increased R^2 by 0.822 while marginal effects remained weak.,2,interaction_effect,1997,2,True,True,False,False
CASE_052,open,temporal_drift,verified_from_profile,"Quarterly target means differ by almost 30 points, a clear temporal regime shift.",1,temporal_drift,2282,2,True,True,False,False
CASE_053,open,nonlinear_relationship,hypothesis,"Marginal correlations are essentially zero while the target has a pronounced right tail, pointing to a nonlinear structure that requires explicit testing.",2,nonlinear_relationship,2423,1,True,False,True,False
CASE_054,open,target_leakage,verified_from_profile,"Workflow status produces nearly 19 points of target separation and has post-process semantics, making leakage the leading concern.",2,target_leakage,1801,2,True,True,False,False
CASE_055,open,data_quality,verified_from_profile,Duplicates and impossible age/exposure values are directly visible.,1,data_quality,2521,2,True,True,False,False
CASE_056,guided,rare_subgroup,verified_from_fixed_checklist,Rare-segment standardized effect=3.37; segment eta^2=0.329.,3,rare_subgroup,1875,2,True,True,False,False
CASE_057,guided,clean_control,verified_from_fixed_checklist,No diagnostic exceeded a substantive threshold; no major hidden structure was verified.,1,clean_control,2438,2,True,True,False,False
CASE_058,guided,data_quality,verified_from_fixed_checklist,"Invalid ages=8, invalid exposure values=9, duplicates=45, alias-status rows=54.",1,data_quality,2569,2,True,True,False,False
CASE_059,guided,target_leakage,verified_from_fixed_checklist,"workflow_status explains eta^2=0.699 of outcome variance, far above other categorical effects.",3,target_leakage,2441,2,True,True,False,False
CASE_060,guided,informative_missingness,verified_from_fixed_checklist,Missing age=27.3% and missing-vs-observed target difference=1.08 standard deviations.,3,informative_missingness,2096,2,True,True,False,False
